categoria,grup,team,player,posicio
TERCERA,3,CELLERA,"QUER PLANELLA, MARC",POR
TERCERA,3,CELLERA,"VILA ESPIGOL, ADRIÀ",DEF
TERCERA,3,CELLERA,"CARRERAS HUIX, MARTÍ",DAV
TERCERA,3,CELLERA,"JULIÀ SUREDA, ALBERT",DAV
TERCERA,3,CELLERA,"PAGÈS LOPEZ, ERIC",DEF
TERCERA,3,CELLERA,"COLL MITJANS, FERRAN",DEF
TERCERA,3,CELLERA,"SOLER MILLET, MARCEL",DAV
TERCERA,3,CELLERA,"CASADEVALL FERNÁNDEZ, BIEL",MIG
TERCERA,3,CELLERA,"CABERO MARTINEZ, SANTIAGO",MIG
TERCERA,3,CELLERA,"PAGÈS VÉLEZ, ARNAU",DEF
TERCERA,3,CELLERA,"MINOBAS RIBAS, BENJAMÍ",POR
TERCERA,3,CELLERA,"HAIDOUR, ISMAIL",DAV
TERCERA,3,CELLERA,"BORRELL PUJOL, SERGI",MIG
TERCERA,3,CELLERA,"FELIU SERRAMITJA, MIQUEL",DEF
TERCERA,3,CELLERA,"ALTARRIBA VIDAL, POL",MIG
TERCERA,3,CELLERA,"CALLS PRAT, JOEL",DAV
TERCERA,3,CELLERA,"SORO VERNIS, MARCEL",MIG
TERCERA,2,BONMATI,"EXPÓSITO SANTAYANA, MARCEL",POR
TERCERA,2,BONMATI,"CARLOS SOUSA, LUIS MIGUEL",DEF
TERCERA,2,BONMATI,"TALLADA EGEA, MARTÍ",MIG
TERCERA,2,BONMATI,"RODRIGUEZ RIERA, ELOI",DAV
TERCERA,2,BONMATI,"FURTIÀ VALLS, POL",DAV
TERCERA,2,BONMATI,"RIEMBAU COLLELL, BERNAT",MIG
TERCERA,2,BONMATI,"LOSILLA PUJADAS, ALEIX",MIG
TERCERA,2,BONMATI,"PERACAULA GUASCH, ELOI",DAV
TERCERA,2,BONMATI,"COELHO SILVEIRA, HUGO",DEF
TERCERA,2,BONMATI,"SERRAT RIBAS, PAU",DEF
TERCERA,2,BONMATI,"BUNDÓ GUÀRDIA, JORDI",DAV
TERCERA,2,BONMATI,"EXPÓSITO PUIG, PAU",DEF
TERCERA,2,BONMATI,"SOLER MARTORELL, JOEL",DEF
